Timestamp,Namespace,Pod,PodUID,QueueTime,CreationTime,StartTime
2025-03-30 23:44:16,arc-gpu-1-aiswhud,linux-mi300-gpu-1-2ljs9-runner-j4l48,d01bef57-ba8c-49a8-a898-569bc1926f33,0.0,2025-03-22T00:23:18Z,2025-03-22T00:23:18Z
2025-03-30 23:44:16,arc-gpu-1-triton,gfx942-rhcvc-runner-b6g5z,ebf3a92d-30c6-405b-b687-bd5a02165e4f,0.0,2025-03-22T00:23:24Z,2025-03-22T00:23:24Z
2025-03-30 23:44:16,arc-gpu-1-triton,gfx942-rhcvc-runner-hq9zm,770a63e8-2bf1-4066-b343-c52eae683d34,0.0,2025-03-28T09:28:00Z,2025-03-28T09:28:00Z
2025-03-30 23:44:16,arc,arc-gha-rs-controller-555599f668-9jk42,a4f9bc2b-1f41-45f9-b19c-342ec76e1f4c,0.0,2025-03-21T18:57:20Z,2025-03-21T18:57:20Z
2025-03-30 23:44:16,arc,arc-gha-rs-controller-555599f668-lmjrf,ea344b9b-b290-41c2-8962-3137f2df3137,0.0,2025-03-27T20:17:27Z,2025-03-27T20:17:27Z
2025-03-30 23:44:16,arc,arc-gha-rs-controller-555599f668-nbsb2,db598fd9-5309-4a8e-a89f-6af467ddae9c,0.0,2025-03-24T11:35:24Z,2025-03-24T11:35:24Z
2025-03-30 23:44:16,arc,gfx942-694b798f-listener,83d61947-e3d6-421d-8413-753fd30b054c,0.0,2025-03-28T14:04:06Z,2025-03-28T14:04:06Z
2025-03-30 23:44:16,arc,linux-mi300-1gpu-benchmark-ossci-iree-org-759d444f-listener,140aee47-5497-445f-84e8-adc185129c8d,1.0,2025-03-28T14:03:45Z,2025-03-28T14:03:46Z
2025-03-30 23:44:16,arc,linux-mi300-1gpu-ossci-759d444f-listener,9c94ec8b-5ae2-470d-8b9a-59311db229d2,0.0,2025-03-27T20:17:43Z,2025-03-27T20:17:43Z
2025-03-30 23:44:16,arc,linux-mi300-1gpu-ossci-iree-org-759d444f-listener,dbe696d8-ca6c-440b-99e4-6c5873ea545a,0.0,2025-03-28T14:04:52Z,2025-03-28T14:04:52Z
2025-03-30 23:44:16,arc,linux-mi300-1gpu-ossci-nod-ai-759d444f-listener,99a64bb5-e0a4-4583-9043-e35a79f57439,0.0,2025-03-28T14:05:47Z,2025-03-28T14:05:47Z
2025-03-30 23:44:16,arc,linux-mi300-1gpu-ossci-rocm-759d444f-listener,0c77a9e4-e8ef-4c41-b641-ef94860de68c,0.0,2025-03-28T14:04:42Z,2025-03-28T14:04:42Z
2025-03-30 23:44:16,arc,linux-mi300-2gpu-ossci-iree-org-759d444f-listener,20e51512-400c-4e43-94f3-6755eb1fb858,0.0,2025-03-27T20:18:17Z,2025-03-27T20:18:17Z
2025-03-30 23:44:16,arc,linux-mi300-4gpu-ossci-nod-ai-759d444f-listener,3a267b56-4bfc-417d-83bb-fab2ed13b23b,0.0,2025-03-28T14:03:33Z,2025-03-28T14:03:33Z
2025-03-30 23:44:16,arc,linux-mi300-8gpu-ossci-nod-ai-759d444f-listener,025153fc-dd73-4026-8055-4ab3d8e48502,0.0,2025-03-28T14:03:55Z,2025-03-28T14:03:55Z
2025-03-30 23:44:16,arc,linux-mi300-gpu-1-69754b7d-listener,0b861085-ab2f-46e4-bcc3-e619aeacc754,0.0,2025-03-28T14:04:02Z,2025-03-28T14:04:02Z
2025-03-30 23:44:16,arc,linux-mi300-gpu-1-76cfd785-listener,4b047082-94a9-4728-9611-d75d691cec3c,0.0,2025-03-28T14:04:58Z,2025-03-28T14:04:58Z
2025-03-30 23:44:16,arc,linux-mi300-gpu-1-85957f5c-listener,e34fa9ea-ad43-4eb3-99d3-66c218d1c4cc,0.0,2025-03-24T11:34:29Z,2025-03-24T11:34:29Z
2025-03-30 23:44:16,arc,linux-mi300-gpu-1-fb97956d-listener,a72e3017-5124-4810-870e-44f0416270b9,0.0,2025-03-30T17:18:19Z,2025-03-30T17:18:19Z
2025-03-30 23:44:16,argocd,argocd-application-controller-0,51ee2513-48d6-4a5c-a1d4-98ce01c9c51c,0.0,2025-03-28T14:05:10Z,2025-03-28T14:05:10Z
2025-03-30 23:44:16,argocd,argocd-applicationset-controller-64f6bd6456-x9tht,6fc911e5-76eb-4236-9084-1888b6a7ef1f,0.0,2025-03-21T18:57:21Z,2025-03-21T18:57:21Z
2025-03-30 23:44:16,argocd,argocd-dex-server-5fdcd9df8b-4h9jz,2d074bbe-35e8-4fd3-913f-d7ed2c5a1665,0.0,2025-03-21T18:57:20Z,2025-03-21T18:57:20Z
2025-03-30 23:44:16,argocd,argocd-dex-server-5fdcd9df8b-lvx7x,dea785a7-549e-4b50-ae6e-4421ee8cbe21,0.0,2025-03-28T14:46:11Z,2025-03-28T14:46:11Z
2025-03-30 23:44:16,argocd,argocd-dex-server-5fdcd9df8b-nz5sg,94e4bc86-f19b-434b-9895-f71021f41131,0.0,2025-03-24T11:34:49Z,2025-03-24T11:34:49Z
2025-03-30 23:44:16,argocd,argocd-dex-server-5fdcd9df8b-skk7t,be49b1e3-f7f4-48b7-a0bc-d6b3b4e0c482,0.0,2025-03-28T09:28:37Z,2025-03-28T09:28:37Z
2025-03-30 23:44:16,argocd,argocd-notifications-controller-778495d96f-57xhq,2a293df3-88a7-437c-8684-e4b7f830eed8,0.0,2025-03-21T18:57:21Z,2025-03-21T18:57:21Z
2025-03-30 23:44:16,argocd,argocd-notifications-controller-778495d96f-nkr84,c09c5947-d0b2-42f4-8c70-e8fcd861485c,0.0,2025-03-27T20:17:41Z,2025-03-27T20:17:41Z
2025-03-30 23:44:16,argocd,argocd-redis-69fd8bd669-f8r2v,b95ad2d6-8597-4b3f-a8e1-f9cb0f124790,0.0,2025-03-21T18:57:20Z,2025-03-21T18:57:20Z
2025-03-30 23:44:16,argocd,argocd-repo-server-75567c944-259f9,b4d722e3-6122-478d-bcf5-78489d4c4b9e,0.0,2025-03-21T18:57:20Z,2025-03-21T18:57:20Z
2025-03-30 23:44:16,argocd,argocd-server-5c768cdd96-gvcqv,af3ffb8f-598b-4486-bb90-2dfea1f7efbf,0.0,2025-03-21T18:57:21Z,2025-03-21T18:57:21Z
2025-03-30 23:44:16,buildkite,agent-stack-k8s-gpu-1-int-6d9dd9f5dd-r7f95,36de3a81-01ee-4cf0-90b1-aef5c51cde3e,0.0,2025-03-17T16:08:02Z,2025-03-17T16:08:02Z
2025-03-30 23:44:16,buildkite,agent-stack-k8s-gpu-8-5d5796579b-s8lfp,da9afdf7-fb0e-46c9-8dc7-ef0927293249,0.0,2025-03-25T22:32:34Z,2025-03-25T22:32:34Z
2025-03-30 23:44:16,buildkite,agent-stack-k8s-gpu-8-int-c897db859-tc8p6,c8e124b7-1ef9-4a28-8900-655ba9056930,0.0,2025-03-16T18:30:29Z,2025-03-16T18:30:29Z
2025-03-30 23:44:16,buildkite,agent-stack-k8s-internal-6b7f79cc8c-cjm7k,6655ac11-1955-4751-be37-fddfe818dd60,0.0,2025-03-17T13:15:36Z,2025-03-17T13:15:36Z
2025-03-30 23:44:16,dev,anguyenh-rocm-interactive-66b7cbd659-2472q,6d2fd630-1a18-4387-965d-ba8bf6a1640a,0.0,2025-03-28T07:57:16Z,2025-03-28T07:57:16Z
2025-03-30 23:44:16,dev,anguyenh-rocm-interactive-66b7cbd659-2nwz7,087b4e6f-f7a0-420f-8847-1b02f52f9a53,0.0,2025-03-17T10:06:03Z,2025-03-17T10:06:03Z
2025-03-30 23:44:16,dev,anguyenh-rocm-interactive-66b7cbd659-2qwpp,ad03c62b-050a-4b24-b42c-a342f172a69f,315.0,2025-03-17T09:13:14Z,2025-03-17T09:18:29Z
2025-03-30 23:44:16,dev,anguyenh-rocm-interactive-66b7cbd659-2sdlg,91aa2af4-c64d-4589-a165-8cdd8909c92b,378.0,2025-03-17T10:52:39Z,2025-03-17T10:58:57Z
2025-03-30 23:44:16,dev,anguyenh-rocm-interactive-66b7cbd659-4fr28,c1f5b82f-0ce2-4f2e-8b23-d3db6d946b09,0.0,2025-03-17T12:32:27Z,2025-03-17T12:32:27Z
2025-03-30 23:44:16,dev,anguyenh-rocm-interactive-66b7cbd659-4sqds,93093adc-3658-49d4-8c7f-96872a960be5,0.0,2025-03-17T10:28:19Z,2025-03-17T10:28:19Z
2025-03-30 23:44:16,dev,anguyenh-rocm-interactive-66b7cbd659-56g4p,831da175-7916-4681-bc9e-7d87fac93a56,0.0,2025-03-17T10:06:02Z,2025-03-17T10:06:02Z
2025-03-30 23:44:16,dev,anguyenh-rocm-interactive-66b7cbd659-5jdfg,b1ae14e7-6013-4592-99e8-6f32f9ec61c1,261.0,2025-03-16T18:30:29Z,2025-03-16T18:34:50Z
2025-03-30 23:44:16,dev,anguyenh-rocm-interactive-66b7cbd659-5tckk,70a1fd4f-e09a-4c76-9020-e15be6d01d9b,0.0,2025-03-17T12:47:17Z,2025-03-17T12:47:17Z
2025-03-30 23:44:16,dev,anguyenh-rocm-interactive-66b7cbd659-64x4k,5a46cbfd-9922-4a93-b0b9-4677a5b2b274,0.0,2025-03-17T10:28:20Z,2025-03-17T10:28:20Z
2025-03-30 23:44:16,dev,anguyenh-rocm-interactive-66b7cbd659-64xlt,5c851772-c06d-41da-a12c-2b020c8c12f1,0.0,2025-03-17T12:32:27Z,2025-03-17T12:32:27Z
2025-03-30 23:44:16,dev,anguyenh-rocm-interactive-66b7cbd659-66d6w,e30b61cf-a994-4654-a4ac-da79af809d6f,0.0,2025-03-17T12:47:15Z,2025-03-17T12:47:15Z
2025-03-30 23:44:16,dev,anguyenh-rocm-interactive-66b7cbd659-67dbn,cfa9c173-6a67-4e0c-a436-18809044e9a2,0.0,2025-03-28T14:45:53Z,2025-03-28T14:45:53Z
2025-03-30 23:44:16,dev,anguyenh-rocm-interactive-66b7cbd659-7dtw5,dec1e6ee-026a-4b43-b154-079f8bcfd88a,1.0,2025-03-17T12:47:15Z,2025-03-17T12:47:16Z
2025-03-30 23:44:16,dev,anguyenh-rocm-interactive-66b7cbd659-7f59v,f7818be2-0213-4b12-83e1-929e60348276,0.0,2025-03-17T10:28:19Z,2025-03-17T10:28:19Z
2025-03-30 23:44:16,dev,anguyenh-rocm-interactive-66b7cbd659-857zc,93e86593-d761-4ddc-8c72-8e2cbd408450,0.0,2025-03-17T12:32:28Z,2025-03-17T12:32:28Z
2025-03-30 23:44:16,dev,anguyenh-rocm-interactive-66b7cbd659-9stfr,bed72d91-7321-47ab-8383-a3e321dcd7ef,0.0,2025-03-17T10:06:04Z,2025-03-17T10:06:04Z
2025-03-30 23:44:16,dev,anguyenh-rocm-interactive-66b7cbd659-bjv7p,3e0092e1-cbf1-4a8d-bcd5-64a9227a3cb4,0.0,2025-03-17T12:47:17Z,2025-03-17T12:47:17Z
2025-03-30 23:44:16,dev,anguyenh-rocm-interactive-66b7cbd659-bkvj2,cbe93a6d-d3a7-4785-9bba-82b6afe9adcf,0.0,2025-03-17T12:47:16Z,2025-03-17T12:47:16Z
2025-03-30 23:44:16,dev,anguyenh-rocm-interactive-66b7cbd659-bxdt6,27e36f87-b846-4954-8d12-dc615410a786,0.0,2025-03-17T12:32:27Z,2025-03-17T12:32:27Z
2025-03-30 23:44:16,dev,anguyenh-rocm-interactive-66b7cbd659-cfz6h,70a0da34-8ca9-45cb-917d-ec1640b750b5,0.0,2025-03-17T12:47:18Z,2025-03-17T12:47:18Z
2025-03-30 23:44:16,dev,anguyenh-rocm-interactive-66b7cbd659-cw25r,ddc4043d-f489-4db8-bda1-2ae037a7db60,340.0,2025-03-17T10:28:21Z,2025-03-17T10:34:01Z
2025-03-30 23:44:16,dev,anguyenh-rocm-interactive-66b7cbd659-db87b,13848f76-d52c-48a4-bdfd-165197fdb203,316.0,2025-03-17T12:47:19Z,2025-03-17T12:52:35Z
2025-03-30 23:44:16,dev,anguyenh-rocm-interactive-66b7cbd659-dm9kl,fd4d2035-4dbd-44d0-b7f1-40a0243b7799,0.0,2025-03-17T12:32:28Z,2025-03-17T12:32:28Z
2025-03-30 23:44:16,dev,anguyenh-rocm-interactive-66b7cbd659-fl8t9,1604dc11-922d-4adf-9406-46b0207a1817,0.0,2025-03-17T12:47:17Z,2025-03-17T12:47:17Z
2025-03-30 23:44:16,dev,anguyenh-rocm-interactive-66b7cbd659-fm2rr,fb68f100-7b95-4106-bb3f-01fb22082f63,335.0,2025-03-17T12:32:30Z,2025-03-17T12:38:05Z
2025-03-30 23:44:16,dev,anguyenh-rocm-interactive-66b7cbd659-frbd8,88fca5c9-c0c8-4574-93c9-d4d387f49fb9,0.0,2025-03-17T10:06:02Z,2025-03-17T10:06:02Z
2025-03-30 23:44:16,dev,anguyenh-rocm-interactive-66b7cbd659-gcfw4,cc5f53db-6318-4632-a1d3-5332d03d3b19,0.0,2025-03-17T10:06:04Z,2025-03-17T10:06:04Z
2025-03-30 23:44:16,dev,anguyenh-rocm-interactive-66b7cbd659-gll5k,e55ea1b7-6997-4fdc-8bdd-2d51aaa0ff20,0.0,2025-03-17T10:06:03Z,2025-03-17T10:06:03Z
2025-03-30 23:44:16,dev,anguyenh-rocm-interactive-66b7cbd659-gqm9s,fcbb7907-5c7b-4ebe-a406-1ae9ac9403f2,0.0,2025-03-17T10:28:20Z,2025-03-17T10:28:20Z
2025-03-30 23:44:16,dev,anguyenh-rocm-interactive-66b7cbd659-hpcq8,85146627-7255-4a9b-8c07-711131ce217d,0.0,2025-03-17T12:32:29Z,2025-03-17T12:32:29Z
2025-03-30 23:44:16,dev,anguyenh-rocm-interactive-66b7cbd659-hrnws,8367a9a0-08fe-41a7-a124-b56799a92720,0.0,2025-03-17T10:28:21Z,2025-03-17T10:28:21Z
2025-03-30 23:44:16,dev,anguyenh-rocm-interactive-66b7cbd659-j22lj,8ef9f2a4-4825-4f62-b79d-17a293274c7f,0.0,2025-03-27T13:59:16Z,2025-03-27T13:59:16Z
2025-03-30 23:44:16,dev,anguyenh-rocm-interactive-66b7cbd659-jd7cj,fb9f4637-7424-455b-bb6a-0407ff81dab3,0.0,2025-03-24T11:34:45Z,2025-03-24T11:34:45Z
2025-03-30 23:44:16,dev,anguyenh-rocm-interactive-66b7cbd659-jt6cb,e2d45ff5-6945-402d-8637-f3c938fb2903,0.0,2025-03-17T10:06:02Z,2025-03-17T10:06:02Z
2025-03-30 23:44:16,dev,anguyenh-rocm-interactive-66b7cbd659-jtrd5,416f051a-48bb-4d87-8fbb-5c3bc6872395,311.0,2025-03-17T09:24:42Z,2025-03-17T09:29:53Z
2025-03-30 23:44:16,dev,anguyenh-rocm-interactive-66b7cbd659-jwmw8,d8458b3a-dd9c-4868-b129-41fb216c26c8,0.0,2025-03-17T10:06:00Z,2025-03-17T10:06:00Z
2025-03-30 23:44:16,dev,anguyenh-rocm-interactive-66b7cbd659-k4h6l,4fc9a12c-9596-47dd-8447-0b3064a90ac2,0.0,2025-03-17T10:06:04Z,2025-03-17T10:06:04Z
2025-03-30 23:44:16,dev,anguyenh-rocm-interactive-66b7cbd659-krmtb,e449d970-c959-4e9b-a418-fa3152a0b53e,0.0,2025-03-17T12:47:15Z,2025-03-17T12:47:15Z
2025-03-30 23:44:16,dev,anguyenh-rocm-interactive-66b7cbd659-kxbcn,6b172f5a-3846-476f-885f-f5d4f0b513b9,0.0,2025-03-17T12:32:26Z,2025-03-17T12:32:26Z
2025-03-30 23:44:16,dev,anguyenh-rocm-interactive-66b7cbd659-lb5fj,2bfec843-f2cc-4782-a44e-70c41056dc47,0.0,2025-03-17T12:47:18Z,2025-03-17T12:47:18Z
2025-03-30 23:44:16,dev,anguyenh-rocm-interactive-66b7cbd659-lmtd6,8b19b67a-edce-4a94-9eef-066ebc79d1e0,1.0,2025-03-17T12:32:28Z,2025-03-17T12:32:29Z
2025-03-30 23:44:16,dev,anguyenh-rocm-interactive-66b7cbd659-lw8v8,5d36150a-87db-4735-911b-05080e12de62,0.0,2025-03-17T10:06:03Z,2025-03-17T10:06:03Z
2025-03-30 23:44:16,dev,anguyenh-rocm-interactive-66b7cbd659-mj4v4,136e86e8-a836-442d-a063-0e162e609d41,320.0,2025-03-17T09:31:50Z,2025-03-17T09:37:10Z
2025-03-30 23:44:16,dev,anguyenh-rocm-interactive-66b7cbd659-ml42d,8ff8526f-b4a5-471d-be0e-107ffce6eb0c,0.0,2025-03-24T11:45:01Z,2025-03-24T11:45:01Z
2025-03-30 23:44:16,dev,anguyenh-rocm-interactive-66b7cbd659-mtjjn,f516d2fc-e51a-410e-9947-343d66b21818,316.0,2025-03-18T10:50:35Z,2025-03-18T10:55:51Z
2025-03-30 23:44:16,dev,anguyenh-rocm-interactive-66b7cbd659-n4n4x,40a479c1-d137-4ba5-9e4c-e71379f1d7d2,0.0,2025-03-17T10:06:03Z,2025-03-17T10:06:03Z
2025-03-30 23:44:16,dev,anguyenh-rocm-interactive-66b7cbd659-n8s8k,fdf0c99d-ff11-43ae-a05d-5684904e9fe7,0.0,2025-03-17T10:06:01Z,2025-03-17T10:06:01Z
2025-03-30 23:44:16,dev,anguyenh-rocm-interactive-66b7cbd659-nptt2,e330d3ff-4350-4019-99a9-607a2d281d26,319.0,2025-03-17T13:00:47Z,2025-03-17T13:06:06Z
2025-03-30 23:44:16,dev,anguyenh-rocm-interactive-66b7cbd659-pm7d8,4cb00c75-2b3f-4795-962c-5f3ceb014a8c,1.0,2025-03-21T17:12:17Z,2025-03-21T17:12:18Z
2025-03-30 23:44:16,dev,anguyenh-rocm-interactive-66b7cbd659-q7g6n,c428c4d9-ad7b-4bce-a87b-c216935dc66e,0.0,2025-03-17T12:32:29Z,2025-03-17T12:32:29Z
2025-03-30 23:44:16,dev,anguyenh-rocm-interactive-66b7cbd659-qhz45,85160d9f-8bb0-4ca7-88f0-be708d73b507,0.0,2025-03-17T10:06:02Z,2025-03-17T10:06:02Z
2025-03-30 23:44:16,dev,anguyenh-rocm-interactive-66b7cbd659-qj8f5,8c176b97-77f8-4b5b-8666-e04c3916cea4,0.0,2025-03-19T13:41:25Z,2025-03-19T13:41:25Z
2025-03-30 23:44:16,dev,anguyenh-rocm-interactive-66b7cbd659-qnksk,ba529e0f-6cc9-495f-9e56-5d605ed29c92,0.0,2025-03-17T12:32:28Z,2025-03-17T12:32:28Z
2025-03-30 23:44:16,dev,anguyenh-rocm-interactive-66b7cbd659-qqhcv,649f24d0-ed42-4edc-84e1-f3efa1b07153,423.0,2025-03-17T13:14:30Z,2025-03-17T13:21:33Z
2025-03-30 23:44:16,dev,anguyenh-rocm-interactive-66b7cbd659-qzsl2,207fdc50-ea07-4f38-b5e3-4fc26ac59289,0.0,2025-03-17T10:28:19Z,2025-03-17T10:28:19Z
2025-03-30 23:44:16,dev,anguyenh-rocm-interactive-66b7cbd659-r56fh,4565b1c9-9a96-47b9-8f88-60ef543fdc8f,0.0,2025-03-17T12:47:18Z,2025-03-17T12:47:18Z
2025-03-30 23:44:16,dev,anguyenh-rocm-interactive-66b7cbd659-r9wd9,8b99e643-afd7-4510-a13b-b8c09e0e52e2,0.0,2025-03-17T10:06:01Z,2025-03-17T10:06:01Z
2025-03-30 23:44:16,dev,anguyenh-rocm-interactive-66b7cbd659-rhg6c,9d661e4e-d247-4c70-a7fa-a24a9fdcee5e,0.0,2025-03-17T12:47:16Z,2025-03-17T12:47:16Z
2025-03-30 23:44:16,dev,anguyenh-rocm-interactive-66b7cbd659-rntv5,0c19d27f-f465-4a3f-9691-6131248bd454,1.0,2025-03-17T10:06:00Z,2025-03-17T10:06:01Z
2025-03-30 23:44:16,dev,anguyenh-rocm-interactive-66b7cbd659-sdfz5,085ee6a5-ea1c-45bf-9bc5-a8157008ea0e,333.0,2025-03-17T11:41:50Z,2025-03-17T11:47:23Z
2025-03-30 23:44:16,dev,anguyenh-rocm-interactive-66b7cbd659-sl4w5,e7960e39-538b-4339-9777-0182b7afd02a,0.0,2025-03-17T10:06:01Z,2025-03-17T10:06:01Z
2025-03-30 23:44:16,dev,anguyenh-rocm-interactive-66b7cbd659-spjn9,48e06528-1dac-4d42-8181-bef9b9c3e3d6,0.0,2025-03-17T12:47:16Z,2025-03-17T12:47:16Z
2025-03-30 23:44:16,dev,anguyenh-rocm-interactive-66b7cbd659-svf57,7d5bb94c-757c-45a9-b881-ee726a6d6abc,0.0,2025-03-17T12:47:16Z,2025-03-17T12:47:16Z
2025-03-30 23:44:16,dev,anguyenh-rocm-interactive-66b7cbd659-szv8j,63f5f937-8d30-42e3-ad24-049d90e4ed61,0.0,2025-03-17T10:28:21Z,2025-03-17T10:28:21Z
2025-03-30 23:44:16,dev,anguyenh-rocm-interactive-66b7cbd659-t8wj7,ece7f181-8628-490f-82aa-bf3b6b0160c6,0.0,2025-03-17T12:47:18Z,2025-03-17T12:47:18Z
2025-03-30 23:44:16,dev,anguyenh-rocm-interactive-66b7cbd659-tfhqt,52762dfa-9c71-4b8e-bce9-eb455d8ebd6f,0.0,2025-03-17T12:32:30Z,2025-03-17T12:32:30Z
2025-03-30 23:44:16,dev,anguyenh-rocm-interactive-66b7cbd659-txt72,162353f6-e6a9-411f-8758-ab70a02dc066,0.0,2025-03-17T12:47:15Z,2025-03-17T12:47:15Z
2025-03-30 23:44:16,dev,anguyenh-rocm-interactive-66b7cbd659-v6pdz,3b7c9836-78bd-4da9-8e5b-89f60b532cc2,0.0,2025-03-17T12:47:18Z,2025-03-17T12:47:18Z
2025-03-30 23:44:16,dev,anguyenh-rocm-interactive-66b7cbd659-v7fl2,65049db3-1665-410d-9a57-ed3c6cc1b706,0.0,2025-03-24T11:08:14Z,2025-03-24T11:08:14Z
2025-03-30 23:44:16,dev,anguyenh-rocm-interactive-66b7cbd659-v8h58,2346486a-f438-4eab-995c-10d01a05b752,0.0,2025-03-17T12:32:28Z,2025-03-17T12:32:28Z
2025-03-30 23:44:16,dev,anguyenh-rocm-interactive-66b7cbd659-vfbsc,bf0682c5-7b8c-4e40-88a9-d0f8bda798bf,0.0,2025-03-17T12:32:27Z,2025-03-17T12:32:27Z
2025-03-30 23:44:16,dev,anguyenh-rocm-interactive-66b7cbd659-vjzft,c476a277-8f92-4049-893a-959d6133a5ee,0.0,2025-03-17T12:32:29Z,2025-03-17T12:32:29Z
2025-03-30 23:44:16,dev,anguyenh-rocm-interactive-66b7cbd659-vpnbf,cb4ceb00-99b8-4ba4-8c94-82341931b9c1,331.0,2025-03-17T11:52:32Z,2025-03-17T11:58:03Z
2025-03-30 23:44:16,dev,anguyenh-rocm-interactive-66b7cbd659-w5vjg,9637819d-90a9-4e18-be0f-ba715dd8a541,564.0,2025-03-17T13:31:10Z,2025-03-17T13:40:34Z
2025-03-30 23:44:16,dev,anguyenh-rocm-interactive-66b7cbd659-wdvdh,85be005d-3a32-47d8-b9f9-5310d6c38f8c,0.0,2025-03-17T12:32:29Z,2025-03-17T12:32:29Z
2025-03-30 23:44:16,dev,anguyenh-rocm-interactive-66b7cbd659-wz447,c50d9067-4d59-45e1-aaf2-9c3120c52807,315.0,2025-03-17T11:07:25Z,2025-03-17T11:12:40Z
2025-03-30 23:44:16,dev,anguyenh-rocm-interactive-66b7cbd659-xgvqb,e3fdbb45-6387-4de4-9e55-7b7d38eeba09,0.0,2025-03-17T10:28:20Z,2025-03-17T10:28:20Z
2025-03-30 23:44:16,dev,anguyenh-rocm-interactive-66b7cbd659-xhl4r,c703e3ce-5ab3-457c-bbb2-2bca5636ffb4,323.0,2025-03-17T10:06:04Z,2025-03-17T10:11:27Z
2025-03-30 23:44:16,dev,anguyenh-rocm-interactive-66b7cbd659-xqng4,220d501f-39f6-4096-96a3-3317504ea3e7,0.0,2025-03-17T12:47:17Z,2025-03-17T12:47:17Z
2025-03-30 23:44:16,dev,anguyenh-rocm-interactive-66b7cbd659-z5xd4,2ea5dda6-e742-41df-bb43-e5f332fa0002,0.0,2025-03-17T12:47:14Z,2025-03-17T12:47:14Z
2025-03-30 23:44:16,dev,b1fu06-p59qun-ollzm4-0-x9bvt,6ece145e-de1f-414f-93d3-e75456158e9c,0.0,2025-02-24T22:01:52Z,2025-02-24T22:01:52Z
2025-03-30 23:44:16,dev,c3mkg4-lr3i2b-bidsly-0-qgqn9,4add3364-6100-4c52-b1dc-aeff53a2a7bd,0.0,2025-02-19T21:03:33Z,2025-02-19T21:03:33Z
2025-03-30 23:44:16,dev,fb2yjp-7inuni-rah85t-0-fqdnq,d1ac501d-e9cd-4ae2-9182-9a9c551cef7c,0.0,2025-02-19T20:53:24Z,2025-02-19T20:53:24Z
2025-03-30 23:44:16,dev,felzus-9id3bj-v8ncij-0-kt8x6,14c6d20a-ebd2-424e-af54-b1f20ec51aa7,0.0,2025-02-19T21:18:15Z,2025-02-19T21:18:15Z
2025-03-30 23:44:16,dev,fremont-shark-15379-p2sn6,11f75ae8-6930-423e-987c-a5622b0a3be9,471037.0,2025-03-04T04:22:14Z,2025-03-09T15:12:51Z
2025-03-30 23:44:16,dev,gcf4xf-uzhv5c-ohoqmc-0-vt4s8,a4bfeeab-9b9b-411f-bbcc-9a109ed36c61,0.0,2025-02-19T21:15:42Z,2025-02-19T21:15:42Z
2025-03-30 23:44:16,dev,gl37iz-hwj5dn-e27t6i-0-52nmd,62bfd665-a336-4268-91d3-8c300dc766da,0.0,2025-02-19T21:03:50Z,2025-02-19T21:03:50Z
2025-03-30 23:44:16,dev,jitgupta-job-private-registry-4cmm9,84808f5e-a79b-40d7-92f9-dde6556e02ca,0.0,2025-03-21T06:05:49Z,2025-03-21T06:05:49Z
2025-03-30 23:44:16,dev,lgdxeu-ddsh1u-wnadbr-0-sl62t,4e1c8b1d-faab-4370-9838-fb4b887eb48c,0.0,2025-02-19T21:14:45Z,2025-02-19T21:14:45Z
2025-03-30 23:44:16,dev,lvq7em-s5rjfm-f6pjr7-0-lv5dd,9067ad28-f842-49d0-98ae-33536dacc8d9,0.0,2025-02-19T20:47:42Z,2025-02-19T20:47:42Z
2025-03-30 23:44:16,dev,lxgrqe-mwjwc1-car9q8-0-p22zc,0ac529e1-5905-458d-b063-2724f52f31e8,0.0,2025-02-19T21:10:05Z,2025-02-19T21:10:05Z
2025-03-30 23:44:16,dev,p1ge5z-9r23p7-0onfv7-0-nsqfv,86d92d35-977a-4355-ac22-a6aaaf0db715,0.0,2025-02-24T20:47:12Z,2025-02-24T20:47:12Z
2025-03-30 23:44:16,dev,p343u6-75203g-dhgmuk-0-9zfbv,af0a861c-d870-4ba4-88b7-9cd4a9dd2252,0.0,2025-02-19T20:42:06Z,2025-02-19T20:42:06Z
2025-03-30 23:44:16,dev,q2pskl-ml4dyh-cb2z64-0-hf4n2,f187eec6-3048-4e08-8ac8-48faf6f44be1,0.0,2025-02-24T20:50:02Z,2025-02-24T20:50:02Z
2025-03-30 23:44:16,dev,qk5d3a-ygbbo0-xt7zyg-0-jk8bl,a1e7c761-3759-4c4e-b286-45d19d8e7b3f,0.0,2025-02-19T20:51:09Z,2025-02-19T20:51:09Z
2025-03-30 23:44:16,dev,reference-models-test-deployment-56c9b7bfff-bxhd4,b8e81493-2edc-4482-9308-8c28d9bd7609,7828.0,2025-02-19T00:48:11Z,2025-02-19T02:58:39Z
2025-03-30 23:44:16,dev,samaario-dev-64875d8d59-225tq,6e58558c-892c-4ba1-b900-14ef4c4d1c3d,0.0,2025-03-17T19:23:29Z,2025-03-17T19:23:29Z
2025-03-30 23:44:16,dev,samaario-dev-64875d8d59-245m5,2ecad20d-bc4e-4207-81e0-abc0395be0f7,0.0,2025-03-17T19:23:33Z,2025-03-17T19:23:33Z
2025-03-30 23:44:16,dev,samaario-dev-64875d8d59-2dckr,4546e99b-22f7-4afe-827c-f0ef28545170,0.0,2025-03-18T02:15:34Z,2025-03-18T02:15:34Z
2025-03-30 23:44:16,dev,samaario-dev-64875d8d59-2fwwj,9c94ac5f-024d-421e-b702-2979f64740f2,0.0,2025-03-17T19:23:32Z,2025-03-17T19:23:32Z
2025-03-30 23:44:16,dev,samaario-dev-64875d8d59-4bc8k,a474de1b-e063-46f7-a36e-67aa2a39a708,0.0,2025-03-24T11:34:28Z,2025-03-24T11:34:28Z
2025-03-30 23:44:16,dev,samaario-dev-64875d8d59-4jxpj,2b7d0b9d-b17c-4046-955c-dfb7d6f7036c,0.0,2025-03-17T19:23:33Z,2025-03-17T19:23:33Z
2025-03-30 23:44:16,dev,samaario-dev-64875d8d59-4l5rt,1fa69399-6420-4a69-a85e-60d6414d7907,2.0,2025-03-18T09:57:36Z,2025-03-18T09:57:38Z
2025-03-30 23:44:16,dev,samaario-dev-64875d8d59-4lwrd,9909d0b0-56be-4fd0-99ec-41d674552abb,312.0,2025-03-18T07:50:59Z,2025-03-18T07:56:11Z
2025-03-30 23:44:16,dev,samaario-dev-64875d8d59-4pvkx,00633351-8e38-4e8a-96d4-239cda8b50bd,0.0,2025-03-18T09:57:42Z,2025-03-18T09:57:42Z
2025-03-30 23:44:16,dev,samaario-dev-64875d8d59-5lspd,563e5cd5-1170-48d5-aa5b-1e67c473f0a4,261.0,2025-03-16T18:30:29Z,2025-03-16T18:34:50Z
2025-03-30 23:44:16,dev,samaario-dev-64875d8d59-5x57k,b8fe1a52-4f20-4357-a005-c6d5b7af2c19,0.0,2025-03-17T19:23:31Z,2025-03-17T19:23:31Z
2025-03-30 23:44:16,dev,samaario-dev-64875d8d59-5xlzw,e14c13aa-fbae-4d03-8f50-1611d07123ae,0.0,2025-03-17T19:23:32Z,2025-03-17T19:23:32Z
2025-03-30 23:44:16,dev,samaario-dev-64875d8d59-67kfn,ffe66ae7-26cc-4da4-be72-95cdc63cd681,0.0,2025-03-18T02:15:35Z,2025-03-18T02:15:35Z
2025-03-30 23:44:16,dev,samaario-dev-64875d8d59-692xs,184571b2-c064-4b48-846a-174d9cde1e8f,0.0,2025-03-18T09:57:40Z,2025-03-18T09:57:40Z
2025-03-30 23:44:16,dev,samaario-dev-64875d8d59-6hhqw,a9d5769a-c7d0-490c-951a-4d1b111e79ac,0.0,2025-03-18T09:57:41Z,2025-03-18T09:57:41Z
2025-03-30 23:44:16,dev,samaario-dev-64875d8d59-6qgbk,74d9efe0-9ce5-43c4-a278-7e0503fbf7e4,0.0,2025-03-17T19:23:31Z,2025-03-17T19:23:31Z
2025-03-30 23:44:16,dev,samaario-dev-64875d8d59-77dc8,c64b5bcb-ca75-4797-bb73-22ab9a8030c0,0.0,2025-03-17T19:23:31Z,2025-03-17T19:23:31Z
2025-03-30 23:44:16,dev,samaario-dev-64875d8d59-7hhnf,f00ed0b8-4143-4647-85b5-2f72926c5ff9,0.0,2025-03-18T09:57:39Z,2025-03-18T09:57:39Z
2025-03-30 23:44:16,dev,samaario-dev-64875d8d59-7hqsk,4c096a22-e863-42aa-b1d6-979cce927efb,0.0,2025-03-18T09:57:40Z,2025-03-18T09:57:40Z
2025-03-30 23:44:16,dev,samaario-dev-64875d8d59-7ll6p,c260167a-5845-4373-b86a-3da80069f26b,0.0,2025-03-17T19:23:30Z,2025-03-17T19:23:30Z
2025-03-30 23:44:16,dev,samaario-dev-64875d8d59-86v5n,36fd9997-ea82-4d4a-8445-dee6cc74db28,5238.0,2025-03-18T09:57:43Z,2025-03-18T11:25:01Z
2025-03-30 23:44:16,dev,samaario-dev-64875d8d59-898kx,217367d6-3344-45c7-a374-c2426581b43e,0.0,2025-03-17T19:23:32Z,2025-03-17T19:23:32Z
2025-03-30 23:44:16,dev,samaario-dev-64875d8d59-8xc4g,5ad36bee-cce0-4c8b-8289-27889eb295da,0.0,2025-03-18T09:57:41Z,2025-03-18T09:57:41Z
2025-03-30 23:44:16,dev,samaario-dev-64875d8d59-96jt4,43d4eaa5-32b5-4a9f-b52c-11ba77efab93,0.0,2025-03-17T19:23:29Z,2025-03-17T19:23:29Z
2025-03-30 23:44:16,dev,samaario-dev-64875d8d59-9hmm9,4cbc99ba-bdf1-49eb-a488-4dec84f4fc4d,0.0,2025-03-18T02:15:34Z,2025-03-18T02:15:34Z
2025-03-30 23:44:16,dev,samaario-dev-64875d8d59-9t5gx,ea6ecb04-2b0c-43f7-99cf-2928387d674d,1.0,2025-03-18T09:57:40Z,2025-03-18T09:57:41Z
2025-03-30 23:44:16,dev,samaario-dev-64875d8d59-b7z7s,9e5077d5-adf1-419f-b4e1-0848bf8acea9,0.0,2025-03-18T09:57:42Z,2025-03-18T09:57:42Z
2025-03-30 23:44:16,dev,samaario-dev-64875d8d59-bbch7,e45d6ffe-a532-4d2e-8024-f92f53f0a25e,0.0,2025-03-17T19:23:29Z,2025-03-17T19:23:29Z
2025-03-30 23:44:16,dev,samaario-dev-64875d8d59-bsm8h,491cead3-b4e8-484c-92ff-7fb50881fed3,0.0,2025-03-18T02:15:34Z,2025-03-18T02:15:34Z
2025-03-30 23:44:16,dev,samaario-dev-64875d8d59-bwbs4,e06cacee-0f24-45db-98dd-61111d94a1ad,0.0,2025-03-18T09:57:40Z,2025-03-18T09:57:40Z
2025-03-30 23:44:16,dev,samaario-dev-64875d8d59-bxsxq,c9b1d32c-7e53-42fd-b865-f7c241a884b8,0.0,2025-03-18T09:57:38Z,2025-03-18T09:57:38Z
2025-03-30 23:44:16,dev,samaario-dev-64875d8d59-c2fb8,78a511ca-46bb-4c76-9dc3-f055eb17adec,0.0,2025-03-18T09:57:41Z,2025-03-18T09:57:41Z
2025-03-30 23:44:16,dev,samaario-dev-64875d8d59-chnjq,564c0958-ab91-444c-b21a-bd760353fd19,326.0,2025-03-17T19:23:34Z,2025-03-17T19:29:00Z
2025-03-30 23:44:16,dev,samaario-dev-64875d8d59-cjtd5,2c410706-3946-4fc4-952e-10f17bfd4e35,0.0,2025-03-17T19:23:30Z,2025-03-17T19:23:30Z
2025-03-30 23:44:16,dev,samaario-dev-64875d8d59-ckvlp,5c4c60b4-d9a9-4d84-91c4-58db35c86169,0.0,2025-03-28T06:51:55Z,2025-03-28T06:51:55Z
2025-03-30 23:44:16,dev,samaario-dev-64875d8d59-cqprr,6cd9a0af-d775-4c7c-b878-0091c1b2c9cf,0.0,2025-03-17T19:23:30Z,2025-03-17T19:23:30Z
2025-03-30 23:44:16,dev,samaario-dev-64875d8d59-dgc5n,0e09bf46-0ae2-4a3c-a95e-8bd799621dcb,0.0,2025-03-18T02:15:34Z,2025-03-18T02:15:34Z
2025-03-30 23:44:16,dev,samaario-dev-64875d8d59-dvfbr,df9b8826-e3b7-4887-a3b8-b9167e4bc294,0.0,2025-03-28T07:57:14Z,2025-03-28T07:57:14Z
2025-03-30 23:44:16,dev,samaario-dev-64875d8d59-dzq97,dceb992c-5019-4512-b58f-398cacfd2d35,0.0,2025-03-21T17:11:57Z,2025-03-21T17:11:57Z
2025-03-30 23:44:16,dev,samaario-dev-64875d8d59-fntq6,24ebecff-8096-472b-b11d-65c3139cff8a,0.0,2025-03-27T13:59:11Z,2025-03-27T13:59:11Z
2025-03-30 23:44:16,dev,samaario-dev-64875d8d59-g5ph5,3eb45dbf-e1f4-4b4c-80c6-d403eb2598bf,0.0,2025-03-18T09:57:42Z,2025-03-18T09:57:42Z
2025-03-30 23:44:16,dev,samaario-dev-64875d8d59-gcjck,0c15625f-3251-4ef9-8d6b-a13f6f1fc025,0.0,2025-03-17T19:23:33Z,2025-03-17T19:23:33Z
2025-03-30 23:44:16,dev,samaario-dev-64875d8d59-gcq7c,57758e88-fb07-4d66-bb6c-06810af17e2b,0.0,2025-03-17T19:23:30Z,2025-03-17T19:23:30Z
2025-03-30 23:44:16,dev,samaario-dev-64875d8d59-gjgm8,59039a3e-b7a4-41ec-b163-efce7b681f87,0.0,2025-03-17T19:23:29Z,2025-03-17T19:23:29Z
2025-03-30 23:44:16,dev,samaario-dev-64875d8d59-gphkd,4f588b8f-9b2f-46c0-a082-c52b69f1a96d,0.0,2025-03-18T09:57:42Z,2025-03-18T09:57:42Z
2025-03-30 23:44:16,dev,samaario-dev-64875d8d59-gt828,a79c50be-4864-415e-a605-c6adbadf0b96,0.0,2025-03-17T19:23:33Z,2025-03-17T19:23:33Z
2025-03-30 23:44:16,dev,samaario-dev-64875d8d59-gtxtn,8dac8b24-22cb-469b-9140-0f29bf42bc06,1.0,2025-03-24T11:45:19Z,2025-03-24T11:45:20Z
2025-03-30 23:44:16,dev,samaario-dev-64875d8d59-gwz4x,ee769c06-209a-4973-b431-8001762eb118,0.0,2025-03-17T19:23:31Z,2025-03-17T19:23:31Z
2025-03-30 23:44:16,dev,samaario-dev-64875d8d59-jmh2q,d7bf52af-f7ec-4bc9-9b3f-17057b8c2995,0.0,2025-03-18T09:57:39Z,2025-03-18T09:57:39Z
2025-03-30 23:44:16,dev,samaario-dev-64875d8d59-k6l7l,ad495c4f-f983-46d9-b46a-fde4280985cf,0.0,2025-03-18T09:57:41Z,2025-03-18T09:57:41Z
2025-03-30 23:44:16,dev,samaario-dev-64875d8d59-k6lpg,855e4539-c7e5-4344-abf9-6b3e188b0b8d,0.0,2025-03-28T14:45:57Z,2025-03-28T14:45:57Z
2025-03-30 23:44:16,dev,samaario-dev-64875d8d59-kv9vn,0c8236a5-773a-45f0-aea7-709c7134a9fe,0.0,2025-03-17T19:23:32Z,2025-03-17T19:23:32Z
2025-03-30 23:44:16,dev,samaario-dev-64875d8d59-kw5nw,d85ca588-3d2f-4f03-839a-29f1dd7f1e7f,0.0,2025-03-18T09:57:39Z,2025-03-18T09:57:39Z
2025-03-30 23:44:16,dev,samaario-dev-64875d8d59-l2jm4,372b524f-9650-4d13-8e01-8b8cfc575f3d,0.0,2025-03-17T19:23:33Z,2025-03-17T19:23:33Z
2025-03-30 23:44:16,dev,samaario-dev-64875d8d59-m8fdw,d449b1a5-5b0f-40f6-ae2b-4a832402d2c6,122.0,2025-02-28T15:00:20Z,2025-02-28T15:02:22Z
2025-03-30 23:44:16,dev,samaario-dev-64875d8d59-mhsbj,6b1d71de-7bb5-45f4-987f-8c28959f1a4c,0.0,2025-03-17T19:23:31Z,2025-03-17T19:23:31Z
2025-03-30 23:44:16,dev,samaario-dev-64875d8d59-mp2kp,3fa2bd45-a895-4559-98b3-b3f8cfbbcbaa,0.0,2025-03-18T09:57:40Z,2025-03-18T09:57:40Z
2025-03-30 23:44:16,dev,samaario-dev-64875d8d59-mtvnm,250189c3-10f4-436c-b2ff-ba5037ff0f44,0.0,2025-03-17T19:23:30Z,2025-03-17T19:23:30Z
2025-03-30 23:44:16,dev,samaario-dev-64875d8d59-n489s,e2ca9532-7bfb-40ef-8732-8e3f4dee7997,0.0,2025-03-18T14:45:47Z,2025-03-18T14:45:47Z
2025-03-30 23:44:16,dev,samaario-dev-64875d8d59-n74gs,b59caeae-9de5-4035-a460-3b4a1d733604,0.0,2025-03-18T02:15:33Z,2025-03-18T02:15:33Z
2025-03-30 23:44:16,dev,samaario-dev-64875d8d59-n78bc,9bbb5739-7e1f-402a-87c6-f41fa7db03eb,0.0,2025-03-18T09:57:39Z,2025-03-18T09:57:39Z
2025-03-30 23:44:16,dev,samaario-dev-64875d8d59-nf5vl,8e9f045a-acf8-430b-8af9-c801d70de629,0.0,2025-03-17T19:23:33Z,2025-03-17T19:23:33Z
2025-03-30 23:44:16,dev,samaario-dev-64875d8d59-ngcjs,1592d7cd-f269-41c9-8515-45027bbd99e9,0.0,2025-03-18T09:57:42Z,2025-03-18T09:57:42Z
2025-03-30 23:44:16,dev,samaario-dev-64875d8d59-nwxqf,aa94c187-432d-4cf8-a055-1b424f67ee79,0.0,2025-03-17T09:12:20Z,2025-03-17T09:12:20Z
2025-03-30 23:44:16,dev,samaario-dev-64875d8d59-p74s7,5ea85654-da1a-44bf-aaa4-65a341beda2a,0.0,2025-03-18T09:57:42Z,2025-03-18T09:57:42Z
2025-03-30 23:44:16,dev,samaario-dev-64875d8d59-pn22v,2e0a9397-2ae3-46a5-9231-f7883ee3bf03,0.0,2025-03-18T09:57:38Z,2025-03-18T09:57:38Z
2025-03-30 23:44:16,dev,samaario-dev-64875d8d59-ptn9z,bb4dabbc-8acb-494f-9d4b-357acf24844f,0.0,2025-03-18T02:15:34Z,2025-03-18T02:15:34Z
2025-03-30 23:44:16,dev,samaario-dev-64875d8d59-rf9gc,03cb7871-bdaf-40bf-84e2-b5452373cacc,0.0,2025-03-18T09:57:40Z,2025-03-18T09:57:40Z
2025-03-30 23:44:16,dev,samaario-dev-64875d8d59-scvc2,c459db60-718b-4c49-b6ba-c45ba38d2377,0.0,2025-03-18T02:15:33Z,2025-03-18T02:15:33Z
2025-03-30 23:44:16,dev,samaario-dev-64875d8d59-smt5c,b5fdb8f3-a277-4909-8638-267ec444038a,0.0,2025-03-18T09:57:43Z,2025-03-18T09:57:43Z
2025-03-30 23:44:16,dev,samaario-dev-64875d8d59-t2d2v,95755371-25bd-4fe4-9d61-92bd8defacae,0.0,2025-03-17T19:23:32Z,2025-03-17T19:23:32Z
2025-03-30 23:44:16,dev,samaario-dev-64875d8d59-tkjvr,a7964cf0-40e5-4150-8251-02f02eac8f71,0.0,2025-03-17T19:23:31Z,2025-03-17T19:23:31Z
2025-03-30 23:44:16,dev,samaario-dev-64875d8d59-v2lrv,db3f98c0-572a-4db8-b3ed-77241b813a8e,1149.0,2025-03-18T02:15:35Z,2025-03-18T02:34:44Z
2025-03-30 23:44:16,dev,samaario-dev-64875d8d59-wbqbt,fc42be8e-b021-4cb6-917b-9d515e602f8c,0.0,2025-03-17T19:23:30Z,2025-03-17T19:23:30Z
2025-03-30 23:44:16,dev,samaario-dev-64875d8d59-xfd69,ca165a15-bf45-41e5-9f3e-8d78719525fa,0.0,2025-03-18T09:57:41Z,2025-03-18T09:57:41Z
2025-03-30 23:44:16,dev,samaario-dev-64875d8d59-xswjg,269ee013-65c2-4278-afa6-b5f594f13389,0.0,2025-03-24T11:54:35Z,2025-03-24T11:54:35Z
2025-03-30 23:44:16,dev,samaario-dev-64875d8d59-zrpvk,bf997849-813e-493b-a375-29177d175a4a,0.0,2025-03-28T06:51:55Z,2025-03-28T06:51:55Z
2025-03-30 23:44:16,dev,simple-test-job-private-registry-7t4t6,d1f7fb7a-70f9-4ee6-ad73-29ea72c5436b,0.0,2025-03-21T05:37:57Z,2025-03-21T05:37:57Z
2025-03-30 23:44:16,dev,sosa-test-job-0-l6fdt,16fd27d0-2ee0-4f8a-9a22-6247a0f1f16e,0.0,2025-02-20T00:32:07Z,2025-02-20T00:32:07Z
2025-03-30 23:44:16,dev,txklg4-yf3iyw-wnctev-0-8sfx6,0eb0f897-e888-4e05-a404-9fedf7b19fbf,0.0,2025-02-19T21:04:10Z,2025-02-19T21:04:10Z
2025-03-30 23:44:16,dev,xdeubd-1dqqjf-2a0ztr-0-9tlbb,774a7245-df86-4969-8cc2-2a92210885bf,0.0,2025-02-19T20:51:44Z,2025-02-19T20:51:44Z
2025-03-30 23:44:16,dev,xidgow-ifrxdj-cc45n0-0-2p9jr,8687e20c-6739-4957-8381-bf5b7dcd91e5,0.0,2025-02-19T21:09:09Z,2025-02-19T21:09:09Z
2025-03-30 23:44:16,dev,xjgoit-pi12zf-okafjp-0-22jth,dd9592e9-76b0-4bf1-b4e6-9e8cdc26e696,0.0,2025-02-19T20:51:36Z,2025-02-19T20:51:36Z
2025-03-30 23:44:16,flux-system,helm-controller-5c66d5b6fd-t8b2x,3e25350b-f776-42b0-a33b-66780ec82747,0.0,2025-03-19T03:25:19Z,2025-03-19T03:25:19Z
2025-03-30 23:44:16,flux-system,image-automation-controller-5fc6c7746b-n45g2,00f27077-439b-4644-8083-d4de484a84a9,0.0,2025-03-10T05:05:59Z,2025-03-10T05:05:59Z
2025-03-30 23:44:16,flux-system,image-reflector-controller-549c8dbd9-wv2m4,ea86f35b-774e-453b-b16b-8d01a1c0b9aa,0.0,2025-03-10T05:04:49Z,2025-03-10T05:04:49Z
2025-03-30 23:44:16,flux-system,kustomize-controller-69cd587c5b-dz2kh,f7a65d1a-adbc-4df4-99a3-112d29e87020,0.0,2025-03-19T02:58:36Z,2025-03-19T02:58:36Z
2025-03-30 23:44:16,flux-system,notification-controller-f9dc675b9-gj4r5,ab3766fa-6f1e-4119-86b6-49e9c5b81881,0.0,2025-03-10T05:05:32Z,2025-03-10T05:05:32Z
2025-03-30 23:44:16,flux-system,source-controller-86ccd85b75-5q74c,c4ce61fe-8b8e-4589-a9d1-4e05b3f06fb9,0.0,2025-03-19T02:58:27Z,2025-03-19T02:58:27Z
2025-03-30 23:44:16,gpu-metrics-test,gpu-metrics-collector-2sk26,506bddac-d65c-4c09-b2b9-3e917be06444,0.0,2025-03-06T19:52:08Z,2025-03-06T19:52:08Z
2025-03-30 23:44:16,gpu-metrics-test,gpu-metrics-collector-9f5r4,bf0ccd34-c957-407e-8048-b80396619e36,0.0,2025-03-28T14:57:26Z,2025-03-28T14:57:26Z
2025-03-30 23:44:16,gpu-metrics-test,gpu-metrics-collector-h246g,f1ec1294-a46c-4bbd-834f-e3cbb1bce21b,0.0,2025-03-03T19:55:48Z,2025-03-03T19:55:48Z
2025-03-30 23:44:16,gpu-metrics-test,gpu-metrics-collector-jkpqg,0ef9d124-7464-4bc2-860e-be618396b66a,0.0,2025-03-20T20:07:27Z,2025-03-20T20:07:27Z
2025-03-30 23:44:16,gpu-metrics-test,gpu-metrics-collector-mxqbc,2cd5f7fb-73a7-4565-b0c4-1c2e1358902f,0.0,2025-03-18T21:57:40Z,2025-03-18T21:57:40Z
2025-03-30 23:44:16,gpu-metrics-test,gpu-metrics-collector-p6jzf,d511cc31-80a8-47c2-864c-6ff6b68e9e2b,0.0,2025-03-20T18:09:46Z,2025-03-20T18:09:46Z
2025-03-30 23:44:16,gpu-metrics-test,gpu-metrics-collector-pdrbf,731b3c7e-37b0-4cb5-ac42-82ce2c94814b,0.0,2025-03-12T15:29:08Z,2025-03-12T15:29:08Z
2025-03-30 23:44:16,gpu-metrics-test,gpu-metrics-collector-rztkx,d8862bfb-fe02-4a8e-aa2d-7e70c2777b16,0.0,2025-03-29T16:58:34Z,2025-03-29T16:58:34Z
2025-03-30 23:44:16,gpu-metrics-test,gpu-metrics-collector-zztwr,85b9d71d-72a3-4bc6-9fe8-da4f7d9abb45,0.0,2025-03-28T14:11:14Z,2025-03-28T14:11:14Z
2025-03-30 23:44:16,health-checker,health-checker-28vf8,bd665748-0526-4027-a775-f98157288ddd,0.0,2025-03-31T04:40:53Z,2025-03-31T04:40:53Z
2025-03-30 23:44:16,health-checker,health-checker-5xv5q,f9097ad9-9668-4266-ab6c-2fae0827b0a6,2.0,2025-02-27T19:37:29Z,2025-02-27T19:37:31Z
2025-03-30 23:44:16,health-checker,health-checker-dtlqs,83ec4a20-88fd-4b73-9c8b-8f159fedc302,0.0,2025-03-27T20:26:30Z,2025-03-27T20:26:30Z
2025-03-30 23:44:16,health-checker,health-checker-g55pl,a978e818-d5e3-4d5b-a401-e324e3c28e73,0.0,2025-03-28T14:12:59Z,2025-03-28T14:12:59Z
2025-03-30 23:44:16,health-checker,health-checker-hkbdn,9992b995-8278-47fb-99a9-7ae507e0f6fd,0.0,2025-03-28T14:55:10Z,2025-03-28T14:55:10Z
2025-03-30 23:44:16,health-checker,health-checker-hzqx5,a36721cb-3d9d-49d0-a453-6788ccc3721f,0.0,2025-02-17T18:33:34Z,2025-02-17T18:33:34Z
2025-03-30 23:44:16,health-checker,health-checker-lh6fc,48f9cb9b-58a6-4702-a1ec-14c50a8a0a15,2.0,2025-03-12T15:29:01Z,2025-03-12T15:29:03Z
2025-03-30 23:44:16,health-checker,health-checker-nl6km,c9fb2bf0-2a61-4d4e-8f00-68d851976a48,1.0,2025-03-06T19:51:49Z,2025-03-06T19:51:50Z
2025-03-30 23:44:16,health-checker,health-checker-nxp88,080c0349-0681-4104-ab74-5122ddd0bb2f,2.0,2025-03-18T21:57:33Z,2025-03-18T21:57:35Z
2025-03-30 23:44:16,health-checker,health-checker-pl7gl,f69057f1-2ea0-4b73-ac26-0605681022d0,1.0,2025-03-20T20:07:22Z,2025-03-20T20:07:23Z
2025-03-30 23:44:16,health-checker,health-checker-qfm6v,4e1ad98e-d0dc-4f48-b9eb-5acc7a921da8,0.0,2025-03-31T04:40:53Z,2025-03-31T04:40:53Z
2025-03-30 23:44:16,health-checker,health-checker-rpxtv,0cb659dd-3855-4e79-8730-cc641befecc1,0.0,2025-03-19T15:26:14Z,2025-03-19T15:26:14Z
2025-03-30 23:44:16,health-checker,health-checker-sszct,0bb95887-d5c9-46dc-9f63-69266cd293e0,0.0,2025-03-06T04:33:02Z,2025-03-06T04:33:02Z
2025-03-30 23:44:16,health-checker,health-checker-v7cdk,2c54c1b1-83ac-4de6-ae7b-7168b3f001c2,1.0,2025-03-03T19:55:44Z,2025-03-03T19:55:45Z
2025-03-30 23:44:16,health-checker,reboot-checker-4q948,f7f3e6fe-1785-4e51-8b17-0a2510676245,0.0,2025-02-19T18:00:35Z,2025-02-19T18:00:35Z
2025-03-30 23:44:16,health-checker,reboot-checker-8f5q6,b8d93055-2d28-4bff-a5f6-861d9bac343e,2.0,2025-02-27T19:37:29Z,2025-02-27T19:37:31Z
2025-03-30 23:44:16,health-checker,reboot-checker-8kbnd,d22797c4-2ef0-417e-8e7d-0682724cda6e,1.0,2025-03-20T20:07:22Z,2025-03-20T20:07:23Z
2025-03-30 23:44:16,health-checker,reboot-checker-8w8xc,64df3f3a-6bec-437c-8306-b5670ad0ee71,2.0,2025-03-12T15:29:01Z,2025-03-12T15:29:03Z
2025-03-30 23:44:16,health-checker,reboot-checker-db522,6b06d7bd-e572-49b5-b3b2-3ff604e20dca,0.0,2025-03-27T20:25:41Z,2025-03-27T20:25:41Z
2025-03-30 23:44:16,health-checker,reboot-checker-djqtt,b885fdba-3b76-4975-8910-a0c32f3041e6,2.0,2025-03-18T21:57:33Z,2025-03-18T21:57:35Z
2025-03-30 23:44:16,health-checker,reboot-checker-f7k95,ff6c1d6a-61be-4acf-8818-cf3c4ac0558f,1.0,2025-03-06T19:51:49Z,2025-03-06T19:51:50Z
2025-03-30 23:44:16,health-checker,reboot-checker-fc2hw,85b28564-d448-4d0c-a0ab-f56986427c5b,0.0,2025-03-19T15:26:53Z,2025-03-19T15:26:53Z
2025-03-30 23:44:16,health-checker,reboot-checker-g8zdn,080194dc-43b6-4d77-be46-e2e47273f044,0.0,2025-03-28T14:12:02Z,2025-03-28T14:12:02Z
2025-03-30 23:44:16,health-checker,reboot-checker-nr7wj,05782e06-be26-4eed-b341-3c52d9262c8f,1.0,2025-03-03T19:55:44Z,2025-03-03T19:55:45Z
2025-03-30 23:44:16,health-checker,reboot-checker-ql27s,e5d99ce1-25f5-4db4-9236-ed2fd5a04ae4,0.0,2025-03-31T04:40:36Z,2025-03-31T04:40:36Z
2025-03-30 23:44:16,health-checker,reboot-checker-t9sb9,bb3e7238-77ad-47c8-907c-2d7ad7304b10,0.0,2025-03-06T04:48:48Z,2025-03-06T04:48:48Z
2025-03-30 23:44:16,health-checker,reboot-checker-xfvtn,cafa9962-8632-4ccf-87d0-e76e865bf1ce,0.0,2025-03-31T04:40:36Z,2025-03-31T04:40:36Z
2025-03-30 23:44:16,health-checker,reboot-checker-xjdtp,0f432a43-a8ce-45cf-b18b-64c140d05df2,0.0,2025-03-28T14:54:53Z,2025-03-28T14:54:53Z
2025-03-30 23:44:16,ish-testing,dev-shell,0ba6fc13-6f95-4462-9648-5703b3b3cd7f,0.0,2025-03-17T19:22:58Z,2025-03-17T19:22:58Z
2025-03-30 23:44:16,ish-testing,ishsingh-test-job-node8-wxstq,1c6cbd54-961f-4b3e-98ee-7541eaf993a5,0.0,2025-03-18T16:53:11Z,2025-03-18T16:53:11Z
2025-03-30 23:44:16,opea,rocm-opea-test-job-yu-v5xql,7fcf5f1c-9901-419b-b712-a4c8c4c2ea8e,20924.0,2025-03-17T20:45:20Z,2025-03-18T02:34:04Z
2025-03-30 23:44:16,rocm-qa,rocm-test-job-m4rfv,8448a5e5-d311-4905-972d-8d38e7500163,338233.0,2025-03-05T17:09:46Z,2025-03-09T15:06:59Z
2025-03-30 23:44:16,shark-ce,fremont-rocm-15636,6a315e71-6dff-4416-93de-5667c14d6c74,0.0,2025-03-28T11:58:47Z,2025-03-28T11:58:47Z
2025-03-30 23:44:16,shark-ce,jp-gpu-pod-deepseek,be23add4-2ead-461f-878a-73ef48ab2f37,10288.0,2025-03-26T17:20:58Z,2025-03-26T20:12:26Z
2025-03-30 23:44:16,silo-gen-models,docker-github-runner-bcbc5d69b-267qx,f503e259-4356-4e30-8f6e-572d2ecc1ab7,0.0,2025-03-24T13:01:52Z,2025-03-24T13:01:52Z
2025-03-30 23:44:16,silo-gen-models,docker-github-runner-bcbc5d69b-2cj2w,c3dedc82-0295-4545-b38b-554fdc16d3c7,0.0,2025-03-24T13:01:52Z,2025-03-24T13:01:52Z
2025-03-30 23:44:16,silo-gen-models,docker-github-runner-bcbc5d69b-2k8fh,8d15186e-db44-41b4-8ddf-f6bf6a33ab88,0.0,2025-03-24T13:01:53Z,2025-03-24T13:01:53Z
2025-03-30 23:44:16,silo-gen-models,docker-github-runner-bcbc5d69b-5tdzf,850ac8c9-edec-4fdc-8337-11d34ba073e0,0.0,2025-03-24T13:01:55Z,2025-03-24T13:01:55Z
2025-03-30 23:44:16,silo-gen-models,docker-github-runner-bcbc5d69b-6psns,c68f7d7f-860a-4eec-af39-1360a8a025fc,0.0,2025-03-21T11:25:40Z,2025-03-21T11:25:40Z
2025-03-30 23:44:16,silo-gen-models,docker-github-runner-bcbc5d69b-mjqnp,7e2cdfe2-058f-448c-ba25-7ae601204216,1.0,2025-03-28T06:52:11Z,2025-03-28T06:52:12Z
2025-03-30 23:44:16,silo-gen-models,docker-github-runner-bcbc5d69b-mvq8c,3023959f-621e-4dbb-8384-34b5a931296c,0.0,2025-03-25T07:54:31Z,2025-03-25T07:54:31Z
2025-03-30 23:44:16,silo-gen-models,docker-github-runner-bcbc5d69b-nhlvb,2fa5e0b8-932e-4e0b-a236-d17ae4d8eac4,0.0,2025-03-24T11:54:39Z,2025-03-24T11:54:39Z
2025-03-30 23:44:16,silo-gen-models,docker-github-runner-bcbc5d69b-q2nww,0b813aa6-6c04-4ebf-b8c3-f5c2b9d87c3f,0.0,2025-03-27T20:18:07Z,2025-03-27T20:18:07Z
2025-03-30 23:44:16,silo-gen-models,docker-github-runner-bcbc5d69b-q9skv,476cfbf4-4184-46e9-ab55-0879e78dea50,0.0,2025-03-24T13:01:52Z,2025-03-24T13:01:52Z
2025-03-30 23:44:16,silo-gen-models,docker-github-runner-bcbc5d69b-rps69,297c405f-88f3-4456-8ec8-341ce47541cf,1.0,2025-03-24T13:01:52Z,2025-03-24T13:01:53Z
2025-03-30 23:44:16,silo-gen-models,docker-github-runner-bcbc5d69b-rv58w,601c96dd-479f-44c8-958b-ad01d132b980,0.0,2025-03-24T13:01:53Z,2025-03-24T13:01:53Z
2025-03-30 23:44:16,silo-gen-models,docker-github-runner-bcbc5d69b-ssw8p,daaab2b5-efec-4c44-8bc0-9d6a78f162f0,0.0,2025-03-24T13:01:50Z,2025-03-24T13:01:50Z
2025-03-30 23:44:16,silo-gen-models,docker-github-runner-bcbc5d69b-t6zth,36ab6727-9a30-4df7-98fd-007b722f4a05,0.0,2025-03-24T13:01:54Z,2025-03-24T13:01:54Z
2025-03-30 23:44:16,silo-gen-models,docker-github-runner-bcbc5d69b-t7bjc,bfe97f4a-69b5-4efa-8835-e708c7644c7f,0.0,2025-03-24T13:01:55Z,2025-03-24T13:01:55Z
2025-03-30 23:44:16,silo-gen-models,docker-github-runner-bcbc5d69b-vqwjc,e87a6d75-eb02-49fa-a67f-cc80300f147c,0.0,2025-03-24T13:01:55Z,2025-03-24T13:01:55Z
2025-03-30 23:44:16,silo-gen-models,docker-github-runner-bcbc5d69b-w7mvv,f678acc3-0abd-4eff-85a5-9b14b04c1bca,0.0,2025-03-24T13:01:51Z,2025-03-24T13:01:51Z
2025-03-30 23:44:16,silo-gen-models,docker-github-runner-bcbc5d69b-wr2j5,10f99f1b-04f6-4bda-a16e-0fa0db8f58ae,0.0,2025-03-24T13:01:51Z,2025-03-24T13:01:51Z
2025-03-30 23:44:16,silo-gen-models,docker-github-runner-bcbc5d69b-xwfsd,d95eafda-c82d-460f-b6ee-d15a8cb5f61b,0.0,2025-03-24T13:01:54Z,2025-03-24T13:01:54Z
2025-03-30 23:44:16,silo-gen-models,docker-github-runner-bcbc5d69b-z5m4t,8fe8fab0-476f-4803-84d5-c9af28d0fa9b,0.0,2025-03-24T11:36:05Z,2025-03-24T11:36:05Z
2025-03-30 23:44:16,silo-gen-models,docker-github-runner-bcbc5d69b-zwj5h,9b9b6b5b-a70f-4b91-b139-9173742591bc,0.0,2025-03-24T13:01:53Z,2025-03-24T13:01:53Z
2025-03-30 23:44:16,silo-gen-models,docker-github-runner2-6f5d468765-6mtn9,b91bb25f-70a7-4abc-8429-fb84c96d7301,0.0,2025-03-28T08:21:52Z,2025-03-28T08:21:52Z
2025-03-30 23:44:16,silo-gen-models,docker-github-runner2-6f5d468765-bfpb8,97978613-0157-433b-a687-71883b9b7422,0.0,2025-03-27T13:59:32Z,2025-03-27T13:59:32Z
2025-03-30 23:44:16,silo-gen-models,docker-github-runner2-6f5d468765-dtztz,4f5ff5b2-01dd-41b9-94a4-f75c4172068e,0.0,2025-03-28T08:06:06Z,2025-03-28T08:06:06Z
2025-03-30 23:44:16,silo-gen-models,docker-github-runner2-6f5d468765-fwtf4,16abdf48-32b1-4ee1-87f3-8dc90f220aba,1.0,2025-03-19T18:16:47Z,2025-03-19T18:16:48Z
2025-03-30 23:44:16,silo-gen-models,docker-github-runner2-6f5d468765-kqznh,0b6bec9c-7780-4627-9d8a-aac112e09094,0.0,2025-03-28T07:55:50Z,2025-03-28T07:55:50Z
2025-03-30 23:44:16,silo-gen-models,refm-gromacs-abfe-deployment-5856947d6-g862s,588728db-6fc0-430c-a608-6d4cf1cc1876,0.0,2025-03-26T11:06:46Z,2025-03-26T11:06:46Z
2025-03-30 23:44:16,silo-gen-models,refm-gromacs-abfe-deployment-5856947d6-k2tls,f9b2c3a7-70bd-4996-ae1b-87ccada65272,0.0,2025-03-26T10:25:18Z,2025-03-26T10:25:18Z
2025-03-30 23:44:16,silo-gen-models,refm-gromacs-abfe-deployment-5856947d6-k9lzt,e7e67faa-911a-455b-ae61-dacc41fb02db,1.0,2025-03-26T09:26:50Z,2025-03-26T09:26:51Z
2025-03-30 23:44:16,silo-gen-models,refm-gromacs-abfe-deployment-5856947d6-qrkt8,ddc4267b-46bc-4494-a948-5583753efc6c,0.0,2025-03-26T09:18:38Z,2025-03-26T09:18:38Z
2025-03-30 23:44:16,silo-gen-models,refm-gromacs-abfe-deployment-5856947d6-zfn44,87625528-fadf-48d1-bfaf-fdfbd7ad6774,1.0,2025-03-26T08:32:54Z,2025-03-26T08:32:55Z
2025-03-30 23:44:16,silo-gen-models,refm-gromacs-abfe-deployment-5856947d6-zms8q,c4e555bc-bfbd-4c4c-9da1-c3f661d94336,0.0,2025-03-27T13:59:39Z,2025-03-27T13:59:39Z
2025-03-30 23:44:16,silo-gen-models,refm-gromacs-abfe-dev-1ligand-deployment-74c6579459-kdsbp,c63963ac-9a50-4d6e-9eaf-f8e25ac49f6b,0.0,2025-03-29T16:50:16Z,2025-03-29T16:50:16Z
2025-03-30 23:44:16,silo-gen-models,refm-gromacs-abfe-dev-1ligand-deployment-74c6579459-vppsc,b0527ec8-177b-4a4c-86c0-9355666c6ed9,1.0,2025-03-25T10:38:14Z,2025-03-25T10:38:15Z
2025-03-30 23:44:16,silo-gen-models,refm-gromacs-abfe-dev-1ligand-deployment-74c6579459-wwpxd,9bdc3628-221f-43f6-a23a-e77618cddcad,0.0,2025-03-26T08:48:05Z,2025-03-26T08:48:05Z
2025-03-30 23:44:16,silo-gen-models,refm-gromacs-abfe-pr-review-deployment-68f7cc48c5-bcd8c,2d7fab8b-cc94-4c8b-ae32-35f3dd9eca43,0.0,2025-03-27T20:50:29Z,2025-03-27T20:50:29Z
2025-03-30 23:44:16,silo-gen-models,refm-tests-benchmark-02accd9-13966742423-tjktn,7de16799-d6e7-4063-927c-5dcdaeba753a,0.0,2025-03-20T10:09:11Z,2025-03-20T10:09:11Z
2025-03-30 23:44:16,silo-gen-models,refm-tests-benchmark-02fc58c-13764998778-lf4kz,75514449-e611-4469-9e43-62ceda08ed8f,0.0,2025-03-10T12:47:13Z,2025-03-10T12:47:13Z
2025-03-30 23:44:16,silo-gen-models,refm-tests-benchmark-15798bf-13919327610-fg79l,8d3cb3e1-12ed-49c4-a088-8e3d736cd90d,0.0,2025-03-18T09:18:20Z,2025-03-18T09:18:20Z
2025-03-30 23:44:16,silo-gen-models,refm-tests-benchmark-8bc7ffd-14112721250-qsnc9,d52fd60b-776c-4cb8-acf4-8129e8d8776c,0.0,2025-03-27T17:27:16Z,2025-03-27T17:27:16Z
2025-03-30 23:44:16,silo-gen-models,refm-tests-benchmark-9acd132-14126546055-fj84s,34ba5368-a8bf-42e5-865d-f33877d71d1e,0.0,2025-03-28T10:06:51Z,2025-03-28T10:06:51Z
2025-03-30 23:44:16,silo-gen-models,refm-tests-benchmark-b852e11-13808135542-8xvgf,6038c70f-b2f7-4b2a-a5fa-f3ff4da73f79,0.0,2025-03-12T09:36:52Z,2025-03-12T09:36:52Z
2025-03-30 23:44:16,silo-gen-models,refm-tests-benchmark-bce448d-13810096243-7qg7k,ab8be11f-5dec-4567-a3bc-3355d11ee466,0.0,2025-03-12T11:20:48Z,2025-03-12T11:20:48Z
2025-03-30 23:44:16,silo-gen-models,refm-tests-benchmark-c38b054-13900991271-5gjwj,6eef8155-94d6-4dea-99c6-afe54e1f8a59,0.0,2025-03-17T13:56:01Z,2025-03-17T13:56:01Z
2025-03-30 23:44:16,silo-gen-models,refm-tests-benchmark-f7706f4-13964251223-vtj54,77f686b6-c2f6-4ca4-a70e-7517419dbbc4,0.0,2025-03-20T07:42:35Z,2025-03-20T07:42:35Z
2025-03-30 23:44:16,silo-model-tooling,danno-rocm-interactive-job-live-lxvs4,0ad576a2-e9db-4bbd-806d-3e72348a7d87,0.0,2025-03-27T10:12:57Z,2025-03-27T10:12:57Z
2025-03-30 23:44:16,silo-model-tooling,danno-wan21-job-cqq67,37ea5416-c5b2-4e3f-9eeb-cafc5a91bbf8,0.0,2025-03-20T16:20:24Z,2025-03-20T16:20:24Z
2025-03-30 23:44:16,silo-model-tooling,debug-init-pod,9f3664ff-5bc0-4435-9ae2-60f72a876314,0.0,2025-03-27T23:46:22Z,2025-03-27T23:46:22Z
2025-03-30 23:44:16,silo-model-tooling,debug-pod-simple,eca9c445-7d90-4d93-99e7-e68c4774c579,0.0,2025-03-27T23:44:34Z,2025-03-27T23:44:34Z
2025-03-30 23:44:16,silo-model-tooling,debug-pod-with-init,ab7be052-5562-48ed-8f2c-3743a888cace,0.0,2025-03-27T23:44:25Z,2025-03-27T23:44:25Z
2025-03-30 23:44:16,silo-model-tooling,debug-simple-pod,4587c134-f1a1-4814-ade8-62570b57caa4,0.0,2025-03-27T23:46:32Z,2025-03-27T23:46:32Z
2025-03-30 23:44:16,silo-model-tooling,github-runner-deployment-prod1-bfb679fd-kq66n,ea378682-690b-4eda-a432-efc999932529,0.0,2025-03-26T13:18:22Z,2025-03-26T13:18:22Z
2025-03-30 23:44:16,silo-model-tooling,johayang-prompt-interactive-job-ptjhl,c198a5dd-e692-4e4b-bc3a-578f08cd810b,0.0,2025-03-27T14:33:21Z,2025-03-27T14:33:21Z
2025-03-30 23:44:16,silo-model-tooling,rluukkon-wan-vidgen-vbwd8,3bff9308-bb69-4548-8ed4-5a1d3c561a2d,0.0,2025-03-28T09:17:18Z,2025-03-28T09:17:18Z
2025-03-30 23:44:16,silo-model-tooling,skurdadz-wan21-job-diff-torchserve-noconda-tqcmw,06e500e7-55ee-4200-8412-8be92e675447,0.0,2025-03-26T07:48:28Z,2025-03-26T07:48:28Z
2025-03-30 23:44:16,test-dev-contest,rocm-test-job-5rmcw,9014f915-0c27-42fb-9390-7c87f57368d1,13903.0,2025-03-24T15:56:27Z,2025-03-24T19:48:10Z
2025-03-30 23:44:16,tuning,hipblaslt-petcheng,8978939d-572b-4ca2-b826-9d2fc7272e20,0.0,2025-03-29T14:38:44Z,2025-03-29T14:38:44Z
2025-03-30 23:44:16,tuning,rocm-tbvh6,f74f49d4-f63b-4eef-8ba0-704c21b87954,0.0,2025-02-20T16:56:11Z,2025-02-20T16:56:11Z
